{"cameraMode":{"drawMode":0,"name":"Shaded","section":"Shading Mode"},"sceneLighting":false,"audioPlay":false,"sceneViewState":{"m_AlwaysRefresh":false,"showFog":true,"showSkybox":false,"showFlares":true,"showImageEffects":true,"showParticleSystems":true,"showVisualEffectGraphs":true,"m_FxEnabled":true},"in2DMode":false,"pivot":{"x":0.007848307490348816,"y":-0.44117242097854617,"z":-0.8885624408721924},"rotation":{"x":0.013681236654520035,"y":0.981569230556488,"z":-0.17436954379081727,"w":0.07701535522937775},"size":1.3865423202514649,"orthographic":false}